Ppep,Cluster,Motif,Peptide,ire1,mkk1_2
YGR240C_S895,Induced,......SP.....,NKKNEASPNTDAK,Induced_Amplified,Induced_Defective
YMR005W_S80,Induced,...K..SP.....,VLPKNVSPTTNLR,Induced_Amplified,Induced_Defective
YPL242C_S7,Induced,......SP.....,MTAYSGSPSKPGN,Induced_Amplified,
YBR172C_T70,Induced,...R..TP.....,STFRSNTPLLGGR,Induced_Amplified,
YJL165C_S473,Induced,...R..S......,GEGRSNSNKQEDS,Induced_Amplified,
YLL021W_S979,Induced,...K..SP.....,EVDKIESPRMVRE,Induced_Amplified,
YMR184W_S79,Induced,...RR.S......,PVLRRPSVTAAQQ,Induced_Defective,Induced_Defective
YOR220W_S152,Induced,......SP.....,KGGSSLSPDKSSL,Induced_Defective,Induced_Defective
YOR220W_S160,Induced,......SP.....,DKSSLESPTMLKL,Induced_Defective,Induced_Defective
YOR220W_S187,Induced,...R..S......,KLSRSSSSTSNLS,Induced_Defective,Induced_Defective
YDR293C_T482,Induced,,,Induced_Defective,Induced_Defective
YML100W_S147,Induced,......SP.....,PTDRIASPIQHEH,Induced_Defective,Induced_Defective
YHR097C_T76,Induced,......TP.....,YEEAAGTPKQQAP,Induced_Defective,Induced_Defective
YMR104C_S21,Induced,,,Induced_Defective,Induced_Defective
YDR028C_S346,Induced,,,Induced_Defective,Induced_Defective
YGR008C_S69,Induced,...RR.S......,KKDRRGSNLQSHE,Induced_Defective,Induced_Defective
YHR097C_S288,Induced,...R..S......,ESRRKNSIARKKS,Induced_Defective,Induced_Defective
YPR185W_S581,Induced,...RR.S......,LNSRRNSLDKSSN,Induced_Defective,
YMR275C_T107,Induced,,,Induced_Defective,
YJL034W_T461,Induced,,,Induced_Defective,
YKL168C_S19,Induced,...R..S......,VTRRVRSFSESFK,Induced_Defective,
YJL066C_S199,Induced,...R..S......,IVGRAQSISTTKD,Induced_Defective,
YKL211C_S2,Induced,,,Induced_Defective,
YDR348C_T323,Induced,,,Induced_Defective,
YDR507C_S719,Repressed,,,Repressed_Amplified,Repressed_Defective
YBR181C_S232_S233,Repressed,,,Repressed_Amplified,Repressed_Defective
YDR384C_S3,Repressed,,,Repressed_Defective,Repressed_Defective
YJR053W_S161,Repressed,...R..S......,KPKRKLSNSVTSR,Repressed_Defective,Repressed_Defective
YJL157C_S193,Repressed,,,Repressed_Defective,Repressed_Defective
YGR202C_T59,Repressed,......TP.....,NKDTQLTPRKRRR,Repressed_Defective,Repressed_Defective
YDR418W_S38,Repressed,,,Repressed_Defective,Repressed_Defective
YBR189W_S9,Repressed,...R..S......,RAPRTYSKTYSTP,Repressed_Defective,Repressed_Defective
YJR053W_S454,Repressed,...R..S......,MKKRSSSPFLRSK,Repressed_Defective,
YBL035C_S101,Repressed,,,Repressed_Defective,
YLR425W_S176,Repressed,,,Repressed_Defective,
YLR419W_S554,Induced,...R..S......,INKRNISNGKRSI,,Induced_Amplified
YIR003W_S477,Induced,...K..SP.....,LEKKLSSPDTESK,,Induced_Defective
YJL020C_S103,Induced,......SP.....,DLPEPISPETKKE,,Induced_Defective
YJL020C_S640,Induced,...K..S......,SLTKSISGENRRK,,Induced_Defective
YJL095W_S266,Induced,......SP.....,TSESALSPTKSGP,,Induced_Defective
YIL033C_S130,Induced,,,,Induced_Defective
YFL007W_S35,Induced,...R..S......,SPGRPSSSQGEIK,,Induced_Defective
YLR319C_S327,Induced,......SP.....,DDVSKASPLAKTP,,Induced_Defective
YNL278W_S463,Induced,......SP.....,RADGVLSPKLSYG,,Induced_Defective
YLR314C_S2,Induced,,,,Induced_Defective
YOL139C_T22,Induced,......TP.....,VDDTTATPKTVLS,,Induced_Defective
YLR330W_S605,Induced,,,,Induced_Defective
YML057W_T31,Induced,......TP.....,RPQSSTTPIDSKA,,Induced_Defective
YOR042W_T50,Induced,...K..TP.....,TSAKDGTPKVEEK,,Induced_Defective
YKL054C_T133,Induced,...K..TP.....,NKKKVQTPRAHTT,,Induced_Defective
YOR051C_S30_T34,Induced,,,,Induced_Defective
YMR029C_S69,Induced,...K..SP.....,IQSKAVSPEGEKE,,Induced_Defective
YPL137C_T264,Induced,...K..TP.....,TASKPQTPILPSP,,Induced_Defective
YOR227W_S61,Induced,......SP.....,PTKTIASPQRPLS,,Induced_Defective
YFL013C_S27,Induced,...K..SP.....,DETKADSPMQSVK,,Induced_Defective
YNL157W_S105,Induced,...RR.S......,IIKRRISTCPSTA,,Induced_Defective
YBR245C_T694,Induced,......TP.....,STGSAGTPEPGSG,,Induced_Defective
YNL297C_S571,Induced,......SP.....,TSSVTTSPVESTK,,Induced_Defective
YLR219W_S392,Induced,......SP.....,LRSSSDSPTATAN,,Induced_Defective
YJL123C_T266,Induced,......TP.....,PNNNGITPVEKKP,,Induced_Defective
YMR109W_S1045,Induced,......SP.....,QSNARPSPPTAAT,,Induced_Defective
YJL061W_S501,Induced,......SP.....,FQKACISPCERII,,Induced_Defective
YMR165C_S773,Induced,...RR.S......,TKSRRASSAAATS,,Induced_Defective
YDR348C_S217,Induced,,,,Induced_Defective
YDL065C_S304,Induced,......SP.....,PIRSANSPLKHGN,,Induced_Defective
YIL117C_S215,Induced,......SP.....,SKLYQESPRLLQK,,Induced_Defective
YIL117C_S268,Induced,......SP.....,PAKIASSPSRKLL,,Induced_Defective
YIL117C_S276,Induced,......SP.....,SRKLLNSPESDGS,,Induced_Defective
YOR208W_S430,Induced,......SP.....,RVKLPHSPKPPAV,,Induced_Defective
YGR253C_S56,Induced,......SP.....,VEKRATSPLLESD,,Induced_Defective
YLR071C_T1036,Induced,...R..TP.....,DTKRLGTPESVKP,,Induced_Defective
YER169W_S689,Induced,......SP.....,DKEQGSSPLNSKF,,Induced_Defective
YER047C_S536,Induced,...K..SP.....,AQKKIGSPKIEDV,,Induced_Defective
YPL085W_S1611,Induced,...RR.S......,DLVRRESIISTGS,,Induced_Defective
YPL085W_S759,Induced,...R..S......,IRARGVSNASVGS,,Induced_Defective
YDL195W_S975,Induced,,,,Induced_Defective
YDL195W_S980,Induced,......SP.....,SSVSMVSPPPLHK,,Induced_Defective
YDR170C_T1240,Induced,...K..TP.....,VWGKKATPTELAQ,,Induced_Defective
YBL058W_S106,Induced,...R..S......,YLKRKGSTSPEPT,,Induced_Defective
YLR187W_S633,Induced,......SP.....,KSEANSSPKPQKL,,Induced_Defective
YLR187W_S684,Induced,......SP.....,INTSLSSPLRVED,,Induced_Defective
YLR187W_T659,Induced,,,,Induced_Defective
YBL061C_S133,Induced,,,,Induced_Defective
YLL021W_S910,Induced,......SP.....,SDSRVESPGMTGQ,,Induced_Defective
YNR031C_S118,Induced,...RR.S......,RSSRRPSNIGLPL,,Induced_Defective
YDR169C_S254,Induced,...RR.S......,SFGRRRSQVVFAD,,Induced_Defective
YDR169C_S9,Induced,...K..SP.....,ENQKEVSPPQAIS,,Induced_Defective
YGR008C_S28,Induced,......SP.....,TGNYGESPNHIKK,,Induced_Defective
YGL049C_S845,Induced,...R..S......,NSQRSNSRFNNHN,,Induced_Defective
YNR006W_S495,Induced,......SP.....,SVKANSSPTTNID,,Induced_Defective
YPR173C_S85,Induced,......SP.....,ANAAKKSPSAGSG,,Induced_Defective
YLR337C_S522,Induced,......SP.....,VRPSPISPSINPP,,Induced_Defective
YBR225W_T146,Induced,...R..TP.....,HSHRSGTPTSEVK,,Induced_Defective
YDR135C_S878,Induced,...R..S......,SSVRESSIPVEGE,,Induced_Defective
YGR127W_S301,Induced,......SP.....,RKYSVTSPKEEKR,,Induced_Defective
YMR291W_T513,Induced,......TP.....,SRSNFNTPKTLSR,,Induced_Defective
YGR281W_S856,Induced,,,,Induced_Defective
YOL109W_T49,Induced,......TP.....,NLKNEATPEAEQV,,Induced_Defective
YJR005W_S641,Induced,...R..S......,NRDRQNSESQSST,,Induced_Defective
YOL082W_S243,Induced,,,,Induced_Defective
YBR068C_S16,Induced,...K..SP.....,SGKKETSPDSISI,,Induced_Defective
YPR171W_S220,Induced,......SP.....,KAEVTESPSSRSI,,Induced_Defective
YOR204W_S535,Induced,,,,Induced_Defective
YOR204W_S539_S543,Induced,,,,Induced_Defective
YOL087C_S771,Induced,...R..S......,ENSRANSTSTLEG,,Induced_Defective
YBL101C_S527,Induced,...RR.S......,QAHRRISNTLFSK,,Induced_Defective
YOR051C_S33_T34,Induced,,,,Induced_Defective
YBR102C_S291,Induced,......SP.....,VESHSNSPALLPP,,Induced_Defective
YDL226C_T161,Induced,...R..TP.....,AQSREGTPLENRR,,Induced_Defective
YER122C_T340,Induced,......TP.....,EQQDTLTPKFAKL,,Induced_Defective
YDL022W_S24,Induced,...R..S......,GRKRSSSSVSLKA,,Induced_Defective
YNL183C_S317,Induced,...R..S......,IRARQSSIYSASR,,Induced_Defective
YOR208W_S258,Induced,......SP.....,KDLIHYSPNSLQK,,Induced_Defective
YPL085W_S268,Induced,,,,Induced_Defective
YLR430W_S1951,Induced,...K..SP.....,NNKKAESPSTSSG,,Induced_Defective
YKR072C_S47,Induced,......SP.....,KDSIINSPVSGRQ,,Induced_Defective
YLR187W_S44,Induced,,,,Induced_Defective
YCR073W-A_S64,Induced,,,,Induced_Defective
YGR186W_T200,Induced,......TP.....,VKDGSQTPTVDSV,,Induced_Defective
YMR261C_S148,Induced,......SP.....,PSARVCSPSQEAS,,Induced_Defective
YGR080W_S172,Induced,......SP.....,VSQDSASPLSLTF,,Induced_Defective
YBR235W_S870,Induced,...RR.S......,KPKRRFSTIEPQT,,Induced_Defective
YOR054C_S57,Induced,...K..SP.....,VVRKSTSPTGSQT,,Induced_Defective
YHR012W_T207,Induced,......TP.....,EQPGSYTPKEGTA,,Induced_Defective
YHR135C_S39,Induced,......SP.....,HHQAVDSPARSSM,,Induced_Defective
YHR097C_S222,Induced,,,,Induced_Defective
YKL126W_S51,Induced,....R.S......,ASITRSSLDRKGT,,Induced_Defective
YCL014W_S1254,Repressed,...R..S......,NWKRLASQVSLSE,,Repressed_Defective
YJR092W_T722,Repressed,,,,Repressed_Defective
YOL158C_S16,Repressed,,,,Repressed_Defective
YNL062C_S175,Repressed,,,,Repressed_Defective
YDR507C_S666,Repressed,...R..S......,LRRRNFSLQTRPV,,Repressed_Defective
YLR413W_S654,Repressed,,,,Repressed_Defective
YLR190W_T12,Repressed,......TP.....,MKSEQLTPKLSPM,,Repressed_Defective
YDR150W_S2519,Repressed,,,,Repressed_Defective
YDL019C_T1148,Repressed,,,,Repressed_Defective
YLL036C_S141,Repressed,,,,Repressed_Defective
YBR181C_T163,Repressed,,,,Repressed_Defective
YMR266W_S949,Repressed,,,,Repressed_Defective
YMR266W_S951,Repressed,,,,Repressed_Defective
YLR305C_T470,Repressed,,,,Repressed_Defective
YLR363W-A_S51,Repressed,,,,Repressed_Defective
YFL004W_S187,Repressed,,,,Repressed_Defective
YCR088W_S183,Induced,...K..SP.....,EPVKTPSPAPAAK,,
YCR088W_T526,Induced,...R..TP.....,PPPRRATPEKKPK,,
YCL025C_S101,Induced,...K..S......,ELEKNESSDNIGA,,
YIR003W_S476,Induced,...K..S......,SLEKKLSSPDTES,,
YBR059C_S1072,Induced,....R.S......,FARARQSLDLERV,,
YDR264C_S51,Induced,,,,
YJL084C_S838,Induced,...RR.S......,SLNRRESVQDNLP,,
YBL037W_T727,Induced,,,,
YPL195W_S918,Induced,......SP.....,KTKAKNSPEPNEF,,
YNR019W_S175,Induced,....R.S......,NLHHRKSSPDAVD,,
YJL081C_S353,Induced,...K..SP.....,AVSKSTSPAANSA,,
YPR185W_S649,Induced,,,,
YOL082W_S136,Induced,......SP.....,AHEDPVSPKAGSE,,
YJL020C_S78,Induced,......SP.....,GKEAESSPNTGST,,
YER167W_S334,Induced,......SP.....,AKHSPDSPRTSRS,,
YPL115C_S324,Induced,......SP.....,NKALGFSPASKEK,,
YCL029C_S83,Induced,,,,
YCL029C_S86,Induced,,,,
YFL007W_S62_T66,Induced,,,,
YNL271C_T324,Induced,,,,
YNL166C_S270,Induced,,,,
YBL085W_S405,Induced,......SP.....,KPPSYPSPVQPPQ,,
YBL085W_S564,Induced,,,,
YER114C_S519_T525,Induced,,,,
YNR051C_S187,Induced,...K..SP.....,EKEKEKSPEISKP,,
YKL088W_S116,Induced,...K..SP.....,GQQKRFSPSLPSA,,
YLR175W_T378,Induced,......TP.....,GRVNENTPEQWKK,,
YNL161W_S177,Induced,,,,
YNL161W_S66,Induced,,,,
YNL161W_S63_S66,Induced,,,,
YGR217W_S122,Induced,......SP.....,SSRRNVSPSTKSA,,
YCR002C_S316,Induced,,,,
YAL041W_S729,Induced,...K..S......,SHMKRVSDVLPKR,,
YLR310C_S629,Induced,,,,
YER164W_T1302,Induced,...K..TP.....,NHSKSMTPEITSS,,
YER026C_S4,Induced,,,,
YNL192W_S35,Induced,,,,
YBR023C_S40,Induced,...R..S......,APHRQGSLVRPER,,
YNL298W_S351,Induced,......SP.....,KMRNGHSPTNGQF,,
YNL298W_S425,Induced,......SP.....,YSKQPQSPLSSQS,,
YOL016C_S443,Induced,,,,
YLR003C_S59,Induced,....R.S......,KKEERNSEDDSNR,,
YNL225C_S72,Induced,......SP.....,SYEENKSPSMDQM,,
YPR105C_S556,Induced,......SP.....,ATSRSVSPPANKF,,
YER130C_S88,Induced,...RR.S......,QLERRLSISDYRT,,
YNL027W_T141,Induced,......TP.....,QQQQKQTPTLKVE,,
YNL027W_S410,Induced,...RR.S......,KSRRRSSQTSNNS,,
YMR078C_S104,Induced,......SP.....,TNAQKTSPITGKI,,
YOR042W_S220,Induced,,,,
YBR112C_S943,Induced,......SP.....,QTSQEKSPQENTL,,
YDL117W_S159,Induced,,,,
YJL005W_T1647,Induced,,,,
YNL112W_S88,Induced,...R..S......,ESVRDRSDSEIAQ,,
YLR270W_S60,Induced,...RR.S......,ETVRRPSQDGRST,,
YKL054C_S260,Induced,...K..SP.....,AVKKTESPLENVA,,
YPL049C_S142,Induced,,,,
YPL049C_S272,Induced,......SP.....,VNDSYDSPLSGTA,,
YOL087C_S668,Induced,...R..S......,PYFRTQSSGSLLS,,
YFR044C_S451,Induced,,,,
YDR359C_S841,Induced,......SP.....,HSSRAQSPIPSNG,,
YDR359C_S739,Induced,......SP.....,RQNRRISPLGVNT,,
YNL136W_S411,Induced,......SP.....,AGSRKNSPPATRV,,
YBL101C_S18,Induced,,,,
YJL201W_S436,Induced,......SP.....,SSRNVSSPSFNAK,,
YBL047C_S1087,Induced,...R..S......,TTKRANSNEDGES,,
YBL047C_S249,Induced,,,,
YBL047C_S621,Induced,...K..S......,SLSKQASITNDKK,,
YBL047C_S1179,Induced,......SP.....,YPAPGTSPSHNEG,,
YDR385W_T763,Induced,...R..TP.....,EEQRPGTPLFTVK,,
YMR219W_S532,Induced,......SP.....,SDLHEHSPDNLYD,,
YOR051C_S30,Induced,,,,
YBR102C_S31,Induced,......SP.....,KQKTPPSPAKPKQ,,
YKL060C_S313,Induced,......SP.....,KKDYIMSPVGNPE,,
YKL060C_Y310,Induced,,,,
YMR058W_S622,Induced,....R.S......,VNEDRHSTEKHQF,,
YPL221W_S707,Induced,......SP.....,ITQQEVSPDRASS,,
YDR110W_S33,Induced,...K..SP.....,QRRKATSPGESRE,,
YNR047W_T428,Induced,,,,
YPL141C_S845,Induced,......SP.....,DNKAAQSPEHSTA,,
YAL035W_S381,Induced,,,,
YAL035W_T390,Induced,......TP.....,AATPAATPTPSSA,,
YAL019W_T131,Induced,...K..TP.....,SPKKSETPPPVKK,,
YOL051W_S783,Induced,...K..S......,STNKKLSISNAAS,,
YCL011C_S24,Induced,...RR.S......,PVRRRLSDDRDRY,,
YGR083C_T12,Induced,...R..TP.....,AKSRSATPPSKAK,,
YPL110C_S965,Induced,......SP.....,QRGAGHSPHHVNG,,
YPL110C_S983,Induced,...R..S......,QKYRGRSVDDSDV,,
YDL215C_S482,Induced,...K..S......,DMEKTLSFQRLEK,,
YDR309C_S323,Induced,,,,
YAL031C_S536,Induced,...R..S......,RRPRSSSLQSYTN,,
YER122C_S398,Induced,....R.S......,QLFGRGSFDEAAN,,
YEL046C_S369,Induced,...R..S......,QIYRSESTEVDVD,,
YDL022W_S23,Induced,...K..S......,AGRKRSSSSVSLK,,
YFR015C_S651,Induced,...R..S......,KIARPLSVPGSPK,,
YFR015C_S651_S655,Induced,,,,
YLR258W_S651,Induced,...R..S......,KVARPLSVPGSPR,,
YOR070C_S107,Induced,......SP.....,STASNESPRPALL,,
YJL165C_S17,Induced,...R..S......,SLKRARSLSESIK,,
YCR065W_S501,Induced,...R..S......,ISPRKSSAPDVLT,,
YOR227W_S1204,Induced,...R..S......,LNSRSPSNDSLQE,,
YOR227W_T128,Induced,,,,
YOR227W_T215,Induced,...K..TP.....,RQSKISTPTSTPT,,
YPL127C_S164,Induced,...K..SP.....,KVVKKKSPTVTAK,,
YOR038C_T460,Induced,...K..TP.....,RKPKEATPSNIAP,,
YML075C_T552,Induced,...K..TP.....,PVQKASTPVLTNK,,
YLR113W_Y176,Induced,,,,
YOL123W_S87,Induced,...K..S......,ANDKEGSNEDTKN,,
YJL159W_S340,Induced,...R..S......,GKGRIGSIVANRQ,,
YGL253W_S15,Induced,...R..S......,PQARKGSMADVPK,,
YOR189W_S28,Induced,,,,
YJL057C_S96,Induced,...RR.S......,QLHRRASAGVESE,,
YLR309C_S854,Induced,...K..S......,KLEKIRSSSSLEL,,
YLR413W_S665,Induced,......SP.....,IIEEHESPIDAEK,,
YOR109W_S986,Induced,...K..SP.....,STSKEKSPTPQTS,,
YOR109W_T1061,Induced,...R..TP.....,QDARQQTPTAFAA,,
YOL081W_S871,Induced,...K..SP.....,KHFKGSSPSLCST,,
YBR245C_S791,Induced,....R.S......,LNTGRSSTPSHPR,,
YBR245C_S846,Induced,,,,
YBR245C_T792,Induced,...R..TP.....,NTGRSSTPSHPRM,,
YDR497C_S55,Induced,,,,
YHR158C_S1003,Induced,,,,
YHR102W_S903,Induced,...R..S......,KIKRSQSISNRKN,,
YHR102W_T1073,Induced,......TP.....,KEQLISTPIKDNE,,
YLR096W_S643,Induced,......SP.....,YQQRSASPVVGEH,,
YPL155C_S88,Induced,...R..S......,RIRRSDSINNNSR,,
YHL003C_S23,Induced,...RR.S......,KTRRRNSSVGKID,,
YOR123C_S358,Induced,...K..SP.....,EKEKQESPDAAFE,,
YOR123C_T375,Induced,,,,
YGL009C_T494,Induced,,,,
YDL051W_S15,Induced,...K..S......,EQEKPQSRRNSFA,,
YCL051W_S474,Induced,,,,
YFR024C-A_S380,Induced,....R.S......,FSKSRISSASTPQ,,
YFR024C-A_T384,Induced,......TP.....,RISSASTPQTSQG,,
YPL004C_T233,Induced,......TP.....,LDDSPVTPGEARP,,
YOR298C-A_S143,Induced,......SP.....,RGNNIGSPLGAPK,,
YDL003W_S263,Induced,,,,
YEL032W_S794,Induced,,,,
YPR019W_S145,Induced,......SP.....,HTSDLSSPRRIVD,,
YGL197W_S842,Induced,...R..S......,SDRRGNSISSRST,,
YNL103W_T302,Induced,......TP.....,LHRTTHTPNRSSP,,
YNL076W_S239,Induced,...K..SP.....,ETSKSTSPTLENM,,
YNL074C_S257,Induced,,,,
YNL074C_S74,Induced,...R..S......,PSLRKNSNNVSSP,,
YMR224C_S560,Induced,......SP.....,REVRTGSPDITQS,,
YDR033W_S289,Induced,......SP.....,PKAPVASPRPAAT,,
YDR033W_T295,Induced,......TP.....,SPRPAATPNLSKD,,
YOR188W_S492,Induced,......SP.....,KKTSAQSPTTEKE,,
YLR219W_T573,Induced,......TP.....,KEQGEQTPVTRNA,,
YJL123C_S273,Induced,...K..S......,PVEKKPSVADGEL,,
YJL123C_S75,Induced,,,,
YDR128W_S922,Induced,,,,
YMR109W_T27,Induced,,,,
YKR048C_S177,Induced,,,,
YOL070C_S38,Induced,......SP.....,DDRLFPSPTTTRT,,
YDR162C_S235,Induced,,,,
YOR056C_S367,Induced,......SP.....,NRYSVASPLSKNS,,
YNR053C_S60,Induced,...R..S......,NLIRAASFQDSTI,,
YJR072C_S372,Induced,...K..S......,QVGKTASSETAEN,,
YDR001C_S83,Induced,...RR.S......,QQTRRGSEDDTYS,,
YER165W_S125,Induced,...K..S......,SLRKKGSGNIFIK,,
YMR165C_S602,Induced,......SP.....,TSMVPGSPPNRTL,,
YDR348C_S416,Induced,...R..S......,GVRRNLSLSRDNY,,
YDR348C_S439,Induced,......SP.....,RSKTVNSPNRTHK,,
YIR006C_S1003,Induced,......SP.....,VDDRSSSPSYSQF,,
YIR006C_S1253,Induced,,,,
YIR006C_S1180,Induced,,,,
YDL173W_S134,Induced,....R.S......,NTRSRISATRSHQ,,
YCR077C_S255,Induced,......SP.....,RSKRDLSPEEQRR,,
YGR178C_T150,Induced,......TP.....,SKAQETTPARTNI,,
YJL128C_S248,Induced,......SP.....,PQQFAPSPSNKKH,,
YER178W_Y309,Induced,,,,
YER178W_S315,Induced,,,,
YLR044C_S251,Induced,,,,
YNL264C_T11,Induced,...R..TP.....,SRKRDHTPAVPKE,,
YDR479C_S42,Induced,...K..S......,SQAKKESISSGSR,,
YIL107C_S147,Induced,......SP.....,DLKDIKSPTRHHK,,
YGR086C_T233,Induced,......TP.....,LDDSPVTPGETRP,,
YBL051C_T512,Induced,......TP.....,RQQATLTPSSRIP,,
YBL051C_S638,Induced,...K..S......,LIYKSLSHSGLDD,,
YBL105C_S797,Induced,......SP.....,RTTDQQSPQKSQT,,
YDR490C_S514,Induced,......SP.....,NRASVSSPSISTT,,
YOL100W_S595,Induced,......SP.....,KSSRSSSPATTSR,,
YNR052C_S39,Induced,......SP.....,MGPQVYSPKVNRA,,
YDR436W_S111,Induced,...RR.S......,SSSRRLSSSSRRS,,
YDR436W_S40,Induced,,,,
YEL060C_S58,Induced,,,,
YIL095W_S642,Induced,......SP.....,DYYRSHSPVKKTQ,,
YOL061W_S183,Induced,...K..S......,DIKKTLSFSRIPM,,
YJR059W_S69,Induced,......SP.....,SGSGGNSPSSSAG,,
YJR059W_S82,Induced,...R..S......,ARQRSASLHRRKN,,
YJR059W_T56,Induced,,,,
YJR059W_S57,Induced,......SP.....,LRKRPTSPSISGS,,
YJR059W_S711,Induced,,,,
YGR253C_T55,Induced,,,,
YKR090W_S193,Induced,......SP.....,EREQDLSPIERSF,,
YDL189W_S435_S439,Induced,,,,
YLR248W_T44,Induced,,,,
YDR028C_S421,Induced,......SP.....,LDQNLNSPDNNRF,,
YPR115W_T21,Induced,......TP.....,ISKQPATPGSTRS,,
YFL033C_S1337,Induced,...R..S......,ILSRKLSMSNTTN,,
YLR371W_S391,Induced,......SP.....,SGTSLSSPRRSSM,,
YDR156W_S121,Induced,...K..S......,TEKKETSIGVSAT,,
YOR341W_S1636,Induced,......SP.....,EREQLDSPSARIV,,
YDL150W_T232,Induced,...R..TP.....,KPTREPTPSVKTE,,
YBR079C_S893,Induced,......SP.....,LPKATVSPDKAKL,,
YER169W_S652,Induced,...K..SP.....,RILKKESPVETSK,,
YBR181C_S232,Induced,,,,
YGR152C_S190,Induced,...K..SP.....,QFSKIESPSTRLP,,
YDL025C_T266,Induced,...R..TP.....,HHNRGSTPTKPKL,,
YDR233C_T186,Induced,,,,
YDR233C_T219,Induced,,,,
YGR161C_S192,Induced,...K..S......,IETKIHSAPTTNR,,
YGR161C_S47,Induced,...RR.S......,RDPRRLSTSSSPS,,
YHR154W_S560,Induced,,,,
YDR389W_S37,Induced,...K..S......,NNPKSMSSENITV,,
YER129W_S797,Induced,......SP.....,KSGSKNSPIKSLY,,
YJL098W_S1053,Induced,,,,
YBL011W_S641,Induced,......SP.....,QEKDSSSPIISQR,,
YIL084C_S179,Induced,,,,
YPL085W_S1515,Induced,......SP.....,GDSLQGSPQRIHN,,
YPL085W_S360,Induced,...K..S......,ALKKSESCTAADE,,
YPL085W_S706,Induced,......SP.....,NSAISQSPVNYAF,,
YPL085W_S806,Induced,......SP.....,NKYAPVSPTVQQK,,
YPL085W_S1778,Induced,,,,
YPL085W_S370,Induced,...R..S......,ADERSYSEETSED,,
YDL195W_S836,Induced,......SP.....,SQPSMASPFVNKT,,
YDL195W_S999,Induced,......SP.....,LVATSESPRASIS,,
YDL195W_T1050,Induced,...R..TP.....,PQQRVATPLSGGV,,
YMR086W_S217,Induced,...R..S......,LLRRSNSAHSALN,,
YJL168C_S522,Induced,......SP.....,SNTQVNSPSSSGI,,
YOR140W_S733,Induced,...R..S......,NSKRKGSGVYSLL,,
YBL058W_S106_S108,Induced,,,,
YKR072C_S50,Induced,,,,
YDR409W_T564,Induced,...R..TP.....,HGSRSNTPSHNHT,,
YKR100C_S216,Induced,...R..S......,HNTRQSSNENLIR,,
YLR187W_S31,Induced,......SP.....,SPSTPSSPKFDQG,,
YHR149C_S251,Induced,......SP.....,SFRSHGSPIHNNQ,,
YHR149C_S664,Induced,...R..S......,GSFRSVSATNSRN,,
YHR149C_T169,Induced,...R..TP.....,YNVRSATPPAIGR,,
YLR398C_S209,Induced,......SP.....,GIKPMDSPAENED,,
YBL007C_S340,Induced,...K..S......,GEYKGASRDPGLR,,
YOR195W_S27,Induced,,,,
YIL147C_S758,Induced,....R.S......,LSNHRKSVDLESS,,
YDR189W_S593,Induced,....R.S......,PKITRGSHTRKPK,,
YKL079W_S570,Induced,......SP.....,NKSAIPSPRRGSM,,
YBR172C_S84,Induced,...R..S......,PLSRTSSLIDSIG,,
YBR172C_T129,Induced,...R..TP.....,PESRVSTPVQQHP,,
YBR172C_S128,Induced,....R.S......,HPESRVSTPVQQH,,
YGL131C_S468,Induced,...RR.S......,VPWRRNSYISANS,,
YJR104C_S39,Induced,......SP.....,YEIAGNSPNAERG,,
YOR353C_S789,Induced,,,,
YLL021W_S599,Induced,......SP.....,TQKAINSPIIRPS,,
YGL093W_S329,Induced,......SP.....,NHHIDESPSEKHA,,
YPR133C_S118,Induced,...R..S......,SKDRDSSATPSSR,,
YKR031C_S30,Induced,...R..S......,EVDRVNSRPDELE,,
YDR464W_S1014,Induced,...R..S......,LTKRAESVEPVEN,,
YER161C_S173,Induced,...K..SP.....,RPQKKASPGATLR,,
YGR116W_S134,Induced,,,,
YCR018C_S138,Induced,...R..S......,GTSRSASITKKYS,,
YKR091W_S172,Induced,...R..S......,KHRRCHSLDESKK,,
YNL138W_S343,Induced,...R..S......,PELRQSSTVSSTG,,
YNL138W_S347,Induced,,,,
YDL229W_S515,Induced,....R.S......,NAVGRLSSEEIEK,,
YHR066W_T15,Induced,......TP.....,RTHAQLTPEQEQG,,
YDR169C_S235,Induced,...R..S......,NKSRNSSNNFGKS,,
YDR169C_S348,Induced,....R.S......,RRASRLSVSKESS,,
YJR086W_S7,Induced,......SP.....,MTSVQNSPRLQQP,,
YFL026W_S360,Induced,,,,
YHL007C_S269,Induced,...K..SP.....,NPLKNSSPPKKQT,,
YHL007C_T203,Induced,...R..TP.....,TDIRRATPVSTPV,,
YHL007C_T218,Induced,......TP.....,KPSMTTTPRQINS,,
YCL032W_S202,Induced,......SP.....,SPSRRESPVTVFR,,
YOR027W_S227,Induced,,,,
YLR375W_S215,Induced,......SP.....,GKGGSVSPNDDDT,,
YDR310C_S379,Induced,......SP.....,FHQIPSSPSNPVS,,
YPL032C_S551,Induced,...R..S......,SIPRKPSFPQLQQ,,
YAR042W_S1056,Induced,,,,
YCR030C_S264,Induced,......SP.....,VVPNNASPASATG,,
YIL129C_S2352,Induced,...R..S......,SLSRTPSNVSFKT,,
YBR069C_S13_S18,Induced,,,,
YML072C_S1373,Induced,......SP.....,APVQSASPVVKPT,,
YPL180W_S258,Induced,,,,
YGR162W_S502,Induced,,,,
YGL049C_S853,Induced,,,,
YGL049C_S855,Induced,,,,
YGL049C_T196,Induced,...K..TP.....,PFEKEATPVLPAN,,
YOR091W_S341,Induced,,,,
YNL121C_S174,Induced,...RR.S......,VLLRRASANEGLG,,
YNL088W_T1314,Induced,...K..TP.....,ATSKENTPEQDDV,,
YKL174C_S569,Induced,,,,
YDR074W_S890,Induced,...R..S......,VMKRSASYTGAKV,,
YMR261C_S181,Induced,,,,
YKR056W_S93,Induced,......SP.....,DNKRLSSPLTDSG,,
YML100W_S266,Induced,...K..S......,LLAKQPSNLKYSE,,
YBR273C_S388,Induced,...R..S......,SGTRYPSETNLTT,,
YKL035W_Y13,Induced,,,,
YML093W_S488,Induced,....R.S......,KMLDRNSDDEEDG,,
YBL004W_S1827,Induced,......SP.....,ESEMSNSPQIPKK,,
YGR128C_S148,Induced,,,,
YJR049C_S67,Induced,...RR.S......,SSSRRSSLLNKDS,,
YLR386W_S767,Induced,...R..S......,IRQRENSNFCDSN,,
YIL135C_S303,Induced,...R..S......,ALSRSPSNQQYLL,,
YDL185W_S858,Induced,......SP.....,KAVALGSPDRTGS,,
YLL040C_S1364,Induced,...K..SP.....,GEIKSPSPDPASL,,
YJL141C_S38,Induced,......SP.....,MGSGRASPDNSHM,,
YLL048C_S944,Induced,...R..S......,ILSRANSSANLAA,,
YNL154C_S455,Induced,,,,
YDR186C_S692,Induced,...R..S......,LLMRNNSNSNLLF,,
YFL042C_T165,Induced,......TP.....,EVKTRLTPSQMKE,,
YFR016C_S180,Induced,......SP.....,GIEVGNSPITRRK,,
YGR237C_S119,Induced,...R..S......,SYLRSPSVERSRS,,
YHL008C_T511,Induced,...R..TP.....,VSSREVTPPILPR,,
YJL193W_S247,Induced,......SP.....,GFSRQESPLPLYE,,
YKR023W_S487,Induced,...K..S......,TYVKKNSDTAQQN,,
YLR352W_S627,Induced,...RR.S......,AIPRRNSLLSRPT,,
YLR419W_T13,Induced,...K..TP.....,NNSKSSTPVNDVP,,
YMR124W_S588,Induced,,,,
YMR196W_T1013,Induced,......TP.....,GTHSGLTPQSSIS,,
YNL115C_S244,Induced,......SP.....,SQYGSGSPTPTHR,,
YKL126W_S71,Induced,....R.S......,VVPVRVSYDASSS,,
YPL150W_S456,Induced,......SP.....,SHSIAGSPRKSNN,,
YPL247C_S65,Induced,...K..S......,GNSKRNSGCDLSA,,
YPL247C_S12,Induced,...K..S......,NGNKRSSISFGSS,,
YPR097W_S235,Induced,......SP.....,KSTPTSSPKSHAI,,
YPL074W_T424,Induced,...K..TP.....,MRSKSGTPDKESS,,
YCR088W_T157,Induced,...K..TP.....,QQGKASTPPVKKS,,
YIR003W_S36,Induced,...K..S......,GDIKANSEPPTPA,,
YBR059C_S518,Induced,...R..S......,LPQRQKSTSSYSS,,
YNL020C_S478,Induced,...K..S......,ELKKTRSLGSYST,,
YKL004W_S389,Induced,....R.S......,TSVSRSSATSITS,,
YER114C_S375,Induced,,,,
YNR051C_S282,Induced,...K..S......,IKTKEGSVEAINA,,
YMR275C_S70,Induced,...R..S......,SWIRSASATGILG,,
YNL278W_S538,Induced,......SP.....,TRVTEGSPYAKQR,,
YBR160W_Y19,Induced,,,,
YDL156W_S64,Induced,...K..SP.....,RATKSASPTLPTR,,
YHR146W_S390,Induced,......SP.....,TAEGRKSPAVSEE,,
YGR155W_S4,Induced,,,,
YOR204W_S539,Induced,,,,
YDR093W_S1542,Induced,......SP.....,ERRDQLSPVTTTN,,
YDL161W_S317,Induced,......SP.....,SEQSSSSPKRNQL,,
YNR047W_S37,Induced,...R..S......,ERTRSISFSKLLT,,
YDR302W_S16,Induced,...K..S......,TVKKTVSFSDDTT,,
YPL127C_S130,Induced,...K..SP.....,KKEKEVSPKPKQA,,
YPL127C_S174,Induced,...K..SP.....,TAKKASSPSSLTY,,
YEL034W_S2,Induced,,,,
YOR304W_T1079,Induced,...R..TP.....,SATREDTPLSQNE,,
YKL168C_S37,Induced,......SP.....,PRSRDSSPINVTR,,
YOR123C_S372,Induced,...K..SP.....,GFRKQNSPTTYGA,,
YOL060C_S527,Induced,...K..SP.....,HSSKEPSPAPHSN,,
YKL171W_S65,Induced,...R..S......,AFNRANSSDTIYF,,
YER178W_S313,Induced,,,,
YNL267W_S396,Induced,...R..S......,KLNRTNSQPLSRQ,,
YAL017W_S286,Induced,......SP.....,DYGNNISPERPSF,,
YJR059W_S784,Induced,......SP.....,SLRSLGSPSVSSS,,
YLR248W_S46,Induced,......SP.....,VSQITSSPKKSFQ,,
YKL038W_S202,Induced,...R..S......,QHQRKGSIDSLQS,,
YFL033C_S1518,Induced,...R..S......,TFLRSDSFSTRSY,,
YER169W_S590,Induced,......SP.....,SRESSRSPIALNY,,
YMR230W_S98,Induced,...R..S......,IQERNPSQRPQRR,,
YLR357W_S682,Induced,......SP.....,PLSRVGSPGAGGP,,
YPL085W_T1539,Induced,,,,
YNL049C_S51,Induced,...R..S......,LNNRANSFTQLAQ,,
YBR130C_S361,Induced,...K..SP.....,SIPKSASPVLPGV,,
YBL061C_S136,Induced,,,,
YKR091W_S212,Induced,......SP.....,VDNVNVSPLRWSS,,
YPL057C_S349,Induced,...R..S......,KRLRKDSNTNIVL,,
YPL032C_T452,Induced,......TP.....,EYKATGTPNLRDI,,
YAR042W_S490,Induced,...R..S......,ISSRSQSLSEITP,,
YJL176C_S263,Induced,...K..S......,VDKKVDSGEERNE,,
YGR162W_S553,Induced,....R.S......,RDRERGSYRNEEK,,
YPR041W_T191,Induced,,,,
YML100W_S77,Induced,......SP.....,SRSATRSPSAFNR,,
YIL135C_S159,Induced,...RR.S......,VYSRRPSTIGLDR,,
YIL135C_S53,Induced,...K..S......,YLYKTVSNNAANS,,
YIL135C_S84,Induced,,,,
YNL197C_S225,Induced,...K..S......,SGMKRPSLLSQRS,,
YFL034W_S435,Induced,......SP.....,TPKAKQSPLSSDV,,
YHR097C_S315,Induced,...K..S......,KLVKTHSGHLEQK,,
YOL036W_S469,Induced,...RR.S......,MLIRRSSTIDNKL,,
YOL036W_S606,Induced,......SP.....,SSTDDISPLREEG,,
YNL172W_S285,Repressed,...R..S......,AAERVLSGNVGNA,,
YDL088C_S150,Repressed,...R..S......,ATMRNFSKQNQDS,,
YBR039W_S7,Repressed,...R..S......,MLSRIVSNNATRS,,
YJL095W_S1472,Repressed,...R..S......,SKLRITSQENKTE,,
YER016W_S139,Repressed,...R..S......,TKPRTVSNPTTAK,,
YER016W_S149,Repressed,...R..S......,TAKRSSSTGTGSA,,
YER114C_S723,Repressed,...R..S......,KNKRSASEAIKGE,,
YNL042W_S231,Repressed,...R..S......,LHSRNLSLPIGKF,,
YCL014W_S913,Repressed,,,,
YCL014W_T457,Repressed,......TP.....,YSTRVFTPSGKIL,,
YHR114W_S554,Repressed,...R..S......,TYIRISSAATVKA,,
YBR131W_S678,Repressed,,,,
YFR028C_S546,Repressed,,,,
YFL009W_T75,Repressed,......TP.....,AGSGESTPERSDF,,
YHR052W_S14_T15,Repressed,,,,
YHR052W_S7_T11,Repressed,,,,
YHR052W_T11,Repressed,......TP.....,SNSKKSTPVSTPS,,
YNL225C_T121,Repressed,......TP.....,PNFIHSTPRENSS,,
YIR004W_T167,Repressed,,,,
YJL201W_T410,Repressed,,,,
YMR031C_S27,Repressed,...R..S......,GGSRTSSITSSKK,,
YMR031C_S584,Repressed,...R..S......,DHKRKISGYGNDL,,
YGR254W_S188,Repressed,...R..S......,EALRIGSEVYHNL,,
YDL161W_T160,Repressed,,,,
YLL043W_S601,Repressed,,,,
YPL141C_S766,Repressed,...R..S......,DSKRKPSPPSQRR,,
YOR355W_S423,Repressed,...R..S......,KNSRSSSELAAIH,,
YKL104C_S332,Repressed,,,,
YKL104C_T334,Repressed,,,,
YGL181W_S170,Repressed,...R..S......,SRSRSHSFYKGGH,,
YLR192C_T223,Repressed,,,,
YDR138W_S673,Repressed,...R..S......,KSQRINSASQTEG,,
YKL101W_S671,Repressed,,,,
YBR157C_S122,Repressed,,,,
YHR158C_S94,Repressed,...R..S......,PQQRNVSGPSTTL,,
YCR091W_S642,Repressed,,,,
YHR082C_S529,Repressed,,,,
YHR082C_S646,Repressed,,,,
YHR082C_T526_S529,Repressed,,,,
YER127W_S288,Repressed,...R..S......,KERRVTSFEEDNF,,
YDR439W_T123,Repressed,,,,
YFR024C-A_S381,Repressed,...R..S......,SKSRISSASTPQT,,
YGL197W_S1207,Repressed,,,,
YGL197W_S919,Repressed,...R..S......,HIGRRSSTPETEN,,
YOR188W_S584,Repressed,...R..S......,NNLRKKSGSNSSS,,
YJL076W_S259,Repressed,...R..S......,PPIRISSGIDAGK,,
YLR138W_T876,Repressed,......TP.....,LKKRTLTPAPPRG,,
YPR072W_S256,Repressed,...R..S......,APQRDVSISDRAT,,
YDR432W_S356,Repressed,,,,
YOR098C_S20,Repressed,...R..S......,VEKRSFSSTLKSF,,
YIR006C_S1049,Repressed,...R..S......,QSSRSISSENSRE,,
YOR153W_S837,Repressed,,,,
YKL043W_T301,Repressed,......TP.....,SNKASLTPKSSPA,,
YDR481C_S17,Repressed,,,,
YML123C_S316,Repressed,,,,
YGL008C_S7,Repressed,,,,
YNL102W_T321,Repressed,......TP.....,IGIKGLTPSKSLQ,,
YAR007C_S178,Repressed,,,,
YPR018W_S125,Repressed,...R..S......,TKSRSSSPCSKRE,,
YLR388W_S25,Repressed,...R..S......,RQCRVCSSHTGLI,,
YNL096C_T117,Repressed,,,,
YPL274W_S20,Repressed,,,,
YMR086W_S903,Repressed,...R..S......,LSLRAASEAEPAK,,
YMR086W_S923,Repressed,...R..S......,NRLRFSSNPENGE,,
YBL007C_S486,Repressed,,,,
YNL243W_S308,Repressed,,,,
YNL243W_T296_S308,Repressed,,,,
YGR197C_T91,Repressed,,,,
YPL124W_T18,Repressed,,,,
YLR150W_S55,Repressed,,,,
YBL034C_S653,Repressed,...R..S......,TNLRSTSEYSSKE,,
YER111C_S166,Repressed,,,,
YER111C_T20,Repressed,......TP.....,TNHQNITPISKSV,,
YIL047C_S175,Repressed,,,,
YBR069C_S20,Repressed,,,,
YKR010C_S366,Repressed,...R..S......,HSPRKSSLEIKVQ,,
YFL004W_S583,Repressed,,,,
YPL019C_S187,Repressed,,,,
YPL019C_S190,Repressed,,,,
YPL019C_S592,Repressed,,,,
YPL019C_T183,Repressed,,,,
YER123W_S404,Repressed,...R..S......,SKSRISSNPQSFT,,
YDR089W_S668,Repressed,,,,
YDR090C_S309,Repressed,,,,
YEL043W_T154,Repressed,,,,
YML119W_S4,Repressed,,,,
YMR295C_S14,Repressed,,,,
YDR326C_S535,Repressed,,,,
YKL175W_S262,Repressed,,,,
YJR001W_S64,Repressed,,,,
YDR508C_S113,Repressed,,,,
YJR002W_S169,Repressed,...R..S......,EEKRISSGQDERH,,
YER002W_S176,Repressed,,,,
YBL091C-A_S136,Repressed,...R..S......,LPKRKPSGNHDAE,,
YLR362W_S315,Repressed,,,,
YFL004W_S182,Repressed,,,,
YBR028C_S519,Repressed,,,,